id.practice,X1,X2,X3,X4,X5,X6,X7,X8,X9
1,0,A,1,A,1,20.774,14.153,0.161,43.432
2,0,A,0,C,0,33.566,3.285,0.557,12.722
3,0,C,1,A,1,57.283,11.178,0.257,-7.353
4,1,C,1,A,0,41.901,1.542,0.13,20.032
5,1,B,1,A,0,41.487,7.504,0.414,35.45
6,0,A,0,A,1,43.356,16.08,0.247,93.266
7,0,B,1,A,1,27.372,9.58,0.474,-9.338
8,0,A,0,A,0,39.311,6.3,0.447,17.419
9,1,C,0,A,1,18.434,13.453,0.549,37.533
10,1,B,0,A,1,20.717,19.62,0.582,-21.015
11,1,B,0,A,1,34.83,18.526,0.537,12.018
12,1,B,0,B,1,37.864,12.213,0.221,-22.092
13,1,B,1,A,0,27.65,6.098,0.432,25.073
14,1,C,1,A,1,27.116,12.914,0.29,88.571
15,1,A,1,C,1,37.598,16.031,0.63,26.421
16,1,B,1,A,1,31.957,16.375,0.22,17.308
17,1,C,1,A,1,35.334,16.734,0.288,39.57
18,1,C,0,A,1,32.937,17.157,0.598,15.485
19,0,A,0,A,0,21.62,4.317,0.478,63.699
20,1,C,1,A,1,25.753,19.486,0.298,-17.206
21,0,B,1,A,1,20.233,11.276,0.622,37.526
22,1,A,0,C,0,19.425,2.964,0.585,-32.552
23,0,C,1,A,1,28.421,10.147,0.287,-49.38
24,1,A,0,C,0,27.535,6.711,0.588,-5.3
25,0,C,1,A,1,32.352,6.773,0.299,43.184
26,1,A,1,A,0,34.525,5.405,0.352,9.335
27,1,A,1,A,1,32.345,20.233,0.265,47.884
28,1,B,0,A,1,23.392,14.82,0.422,139.112
29,1,A,0,A,1,26.655,17.446,0.443,-38.221
30,1,C,0,A,0,39.185,6.879,0.394,36.601
31,0,B,0,A,1,36.871,8.281,0.365,24.379
32,1,B,1,A,0,22.332,0,0.35,88.497
33,1,A,1,A,0,30.83,7.27,0.466,55.095
34,1,C,1,A,1,25.714,1.422,0.506,31.479
35,1,A,0,A,0,31.475,5.295,0.534,24.983
36,1,C,0,A,1,28.26,16.13,0.514,-0.07
37,1,B,1,A,1,20.608,8.331,0.325,-3.781
38,1,B,1,A,1,36.366,11.958,0.399,67.161
39,0,C,0,A,1,27.323,8.931,0.436,21.404
40,1,C,1,A,1,22.269,5.261,0.23,-2.342
41,1,A,0,A,0,32.517,6.588,0.186,33.53
42,1,A,0,A,1,16.89,23.437,0.293,17.429
43,1,A,0,A,1,36.362,12.503,0.328,11.895
44,1,C,1,A,1,32.037,11.673,0.442,111.018
45,0,C,1,A,1,23.597,7.814,0.456,-21.756
46,1,B,1,A,0,41.485,10.5,0.214,63.448
47,1,B,1,B,0,27.854,2.689,0.394,28.899
48,1,A,0,A,0,15.175,3.639,0.358,17.343
49,0,B,0,B,1,35.048,12.302,0.39,41.082
50,1,C,0,A,1,22.928,13.07,0.51,47.939
51,1,B,1,A,1,14.84,17.383,0.418,11.88
52,1,B,1,A,1,35.844,19.56,0.576,50.839
53,0,B,1,A,0,26.139,2.049,0.353,15.307
54,0,C,1,A,1,23.713,6.111,0.4,10.698
55,0,A,0,A,0,44.153,6.014,0.244,-5.759
56,0,A,1,A,0,35.244,2.879,0.447,6.704
57,1,C,1,A,0,29.501,5.152,0.099,68.589
58,0,B,0,A,0,33.178,7.44,0.316,-16.972
59,0,A,1,A,0,30.562,4.335,0.253,62.643
60,0,A,1,A,0,28.581,2.734,0.508,-3.193
61,1,C,0,A,0,29.66,9.734,0.351,-0.254
62,0,B,1,C,0,22.547,6.835,0.631,-61.313
63,0,B,1,B,1,35.043,10.308,0.341,51.269
64,1,A,0,A,0,41.258,7.214,0.356,-1.418
65,1,A,1,C,0,30.042,0,0.358,-4.327
66,0,B,0,C,0,35.232,3.94,0.415,12.993
67,1,B,1,B,1,23.335,13.631,0.456,9.114
68,0,A,0,A,0,24.704,7.22,0.413,-46.143
69,0,C,1,B,0,39.093,10.561,0.654,69.764
70,1,A,1,B,1,27.501,12.492,0.406,35.302
71,0,C,1,A,0,19.915,3.503,0.232,-48.926
72,1,A,1,A,0,24.852,0.941,0.657,-34.335
73,0,B,1,A,1,25.743,17.127,0.793,74.805
74,0,A,0,A,0,23.837,7.738,0.367,70.74
75,1,A,1,A,1,21.784,15.988,0.446,82.465
76,1,C,0,A,0,24.329,7.035,0.522,0.466
77,0,C,0,B,1,19.446,5.795,0.496,-52.301
78,0,A,1,C,1,28.064,5.541,0.567,8.195
79,0,C,1,A,1,21.275,8.907,0.437,36.632
80,0,A,1,B,0,22.975,6.246,0.464,49.788
81,1,A,1,A,1,30.374,13.153,0.485,26.172
82,0,B,1,A,1,23.769,13.738,0.356,13.779
83,1,B,0,A,1,18.611,24.681,0.382,-0.944
84,1,B,0,A,0,54.476,1.543,0.298,63.637
85,0,A,0,B,1,18.183,2.603,0.376,85.61
86,0,A,1,A,1,23.798,8.656,0.255,40.362
87,1,B,1,A,1,28.487,18.844,0.446,47.661
88,1,B,0,A,1,24.092,16.013,0.339,33.237
89,1,A,0,B,0,32.497,4.63,0.369,25.768
90,1,B,1,A,1,23.94,10.975,0.299,78.465
91,1,C,1,A,1,35.018,17.58,0.451,12.777
92,1,C,1,A,1,27.943,20.111,0.478,49.016
93,1,B,0,A,0,24.808,4.296,0.508,-39.169
94,0,B,1,A,1,26.838,10.317,0.308,29.738
95,0,A,1,C,0,15.662,5.375,0.693,28.023
96,0,A,0,B,0,17.576,2.345,0.349,7.42
97,0,A,1,A,1,20.951,9.494,0.185,-7.623
98,1,A,1,A,1,31.939,12.908,0.543,-22.058
99,1,A,0,A,0,24.113,4.909,0.267,41.54
100,0,B,1,B,0,27.479,4.717,0.494,15.122
101,1,B,1,B,1,24.478,9.533,0.242,-32.895
102,1,B,1,A,1,43.581,9.369,0.407,10.992
103,1,C,0,A,1,23.445,9.771,0.467,83.482
104,0,C,1,A,0,25.446,2.107,0.437,6.279
105,1,C,1,A,1,25.552,18.598,0.286,27.481
106,1,A,1,A,0,24.671,2.58,0.426,-2.868
107,0,A,0,A,1,34.279,11.719,0.723,-38.24
108,1,A,0,A,0,28.214,10.295,0.255,56.738
109,0,A,0,A,0,25.444,6.534,0.538,45.299
110,1,A,1,B,0,30.445,8.609,0.393,56.138
111,0,B,0,A,0,41.004,3.98,0.404,-4.532
112,1,A,0,A,0,22.434,7.068,0.317,51.782
113,1,B,1,B,1,29.266,20.059,0.425,61.386
114,0,C,1,A,1,22.534,12.649,0.172,-6.975
115,1,B,0,B,1,33.453,23.213,0.541,30.745
116,0,A,0,A,0,35.593,6.465,0.569,-16.212
117,0,C,0,A,0,36.387,9.072,0.497,25.243
118,0,B,1,A,0,40.289,4.088,0.488,46.762
119,0,C,1,A,1,24.427,13.586,0.534,52.171
120,0,B,0,A,0,21.988,7.401,0.731,40.618
121,1,B,1,A,0,27.75,7.849,0.497,3.965
122,0,B,1,A,1,22.804,5.214,0.374,103.432
123,1,B,1,A,1,38.824,6.464,0.522,-47.982
124,1,B,0,A,1,31.751,6.706,0.438,-43.827
125,1,B,0,A,0,32.889,5.779,0.167,0.906
126,1,B,1,A,1,31.387,10.888,0.523,-17.635
127,0,C,1,A,1,23.05,9.621,0.457,44.031
128,1,C,0,A,0,15.392,2.768,0.488,66.801
129,0,B,0,C,1,20.55,6.28,0.48,28.81
130,1,A,1,A,0,26.28,9.285,0.569,-56.762
131,0,C,1,A,1,24.583,11.453,0.6,-3.411
132,0,A,1,A,0,23.125,5.292,0.593,-50.053
133,0,B,0,B,0,23.784,4.595,0.366,9.808
134,1,A,0,A,0,46.724,9.424,0.339,46.081
135,0,A,0,C,0,35.853,7.942,0.253,-6.889
136,1,C,0,A,1,25.925,21.858,0.295,12.68
137,1,A,1,A,0,38.514,5.334,0.446,23.797
138,0,C,1,A,1,25.455,11.079,0.488,11.534
139,0,A,1,B,1,10.801,1.79,0.492,36.124
140,1,A,0,B,0,24.703,5.574,0.19,-17.111
141,1,A,1,C,0,40.755,6.369,0.691,10.988
142,0,A,0,C,1,29.866,4.893,0.523,7.689
143,0,A,1,B,0,26.089,2.713,0.402,-5.193
144,0,B,1,A,0,27.888,10.176,0.356,56.966
145,0,B,1,A,0,29.984,3.089,0.566,51.425
146,0,A,0,B,0,56.19,10.37,0.382,5.354
147,0,A,0,B,0,35.563,4.434,0.324,43.119
148,1,B,1,A,1,21.473,12.347,0.482,-39.197
149,0,A,0,A,1,21.192,15.196,0.389,-30.386
150,0,C,1,A,0,29.101,6.702,0.358,-9.08
151,0,B,0,A,0,30.411,3.968,0.318,75.41
152,0,A,0,B,0,12.372,8.184,0.498,75.95
153,0,A,0,A,0,27.482,8.839,0.367,27.755
154,0,A,0,C,0,34.114,6.782,0.422,43.945
155,1,A,0,A,0,17.168,6.57,0.517,26.554
156,0,C,1,A,1,29.296,3.571,0.649,-5.675
157,0,B,1,A,0,18.457,9.233,0.442,-33.71
158,0,C,0,A,1,45.192,8.631,0.405,74.945
159,0,A,0,A,1,40.674,9.189,0.274,40.699
160,1,A,1,A,0,28.519,4.27,0.399,42.922
161,1,C,1,A,0,15.877,0,0.36,42.076
162,1,A,1,A,0,34.846,5.284,0.199,64.695
163,0,B,0,A,1,23.85,11.359,0.189,113.15
164,1,A,0,B,0,44.584,7.67,0.572,29.921
165,1,A,0,A,1,35.923,2.493,0.353,-31.017
166,0,A,1,A,0,33.398,4.281,0.675,45.834
167,1,B,1,A,0,30.189,2.611,0.353,28.453
168,0,A,0,B,1,19.811,13.953,0.355,18.853
169,1,C,1,A,1,37.999,18.886,0.412,37.56
170,0,B,1,A,1,29.789,9.638,0.302,26.69
171,1,B,0,A,0,26.983,5.813,0.332,78.79
172,1,B,1,A,1,31.455,18.921,0.559,43.675
173,1,A,1,B,0,22.027,2.79,0.26,49.137
174,1,B,1,A,1,26.512,7.33,0.351,10.235
175,1,B,1,B,0,22.845,5.116,0.464,-58.234
176,0,B,0,B,0,28.143,9.814,0.476,-59.199
177,1,B,1,A,1,27.766,25.125,0.417,24.785
178,1,C,1,A,0,22.946,5.203,0.499,16.895
179,1,A,0,A,0,18.692,1.578,0.31,-8.803
180,1,C,0,A,1,28.128,7.545,0.74,27.469
181,1,C,1,A,1,31.924,14.77,0.36,-71.191
182,0,C,1,B,1,17.074,13.246,0.581,26.01
183,0,C,0,A,1,32.588,13.971,0.405,48.601
184,1,A,0,C,0,30.743,5.342,0.385,63.973
185,0,A,0,A,0,24.762,3.104,0.385,10.646
186,0,A,0,A,1,45.875,11.597,0.277,-10.194
187,1,A,1,A,1,38.368,10.045,0.353,-6.8
188,0,B,0,A,0,18.949,2.509,0.259,107.112
189,0,A,0,A,0,27.043,4.083,0.204,-15.457
190,0,B,1,A,1,59.089,8.347,0.465,8.719
191,1,A,0,A,0,24.285,7.088,0.387,101.345
192,1,C,1,A,1,36.678,16.038,0.251,39.525
193,0,B,0,A,0,30.168,1.79,0.471,0.444
194,1,A,0,A,0,25.951,5.239,0.358,135.648
195,1,A,0,A,0,29.571,1.244,0.516,58.073
196,1,A,1,A,1,52.221,17.125,0.582,26.273
197,0,C,1,B,0,36.229,5.817,0.347,-24.596
198,0,C,1,A,0,39.927,0.782,0.783,59.395
199,0,B,0,A,0,33.542,4.302,0.418,-19.294
200,1,A,1,A,0,18.565,4.826,0.677,36.902
201,0,B,0,B,1,30.356,11.035,0.548,16.236
202,0,B,1,A,1,21.195,8.412,0.264,20.327
203,0,B,1,A,1,20.554,13.577,0.223,-78.194
204,1,A,0,A,0,27.204,4.241,0.541,10.88
205,1,B,0,A,0,31.62,1.567,0.486,-64.415
206,0,A,0,A,0,39.913,5.353,0.495,4.751
207,0,C,1,B,1,37.956,8.836,0.516,16.943
208,0,B,0,A,1,30.755,4.426,0.64,17.318
209,1,B,1,A,0,22.403,3.862,0.158,16.575
210,1,C,1,A,0,24.515,6.042,0.567,22.767
211,1,C,0,A,0,29.304,10.097,0.4,101.301
212,1,A,1,B,1,29.324,14.759,0.56,-25.156
213,0,A,0,A,0,31.166,1.381,0.395,25.287
214,1,B,0,A,1,41.665,14.418,0.233,16.145
215,0,B,1,A,0,27.574,1.934,0.385,-9.406
216,1,B,1,A,1,23.477,14.102,0.205,45.572
217,1,A,0,A,0,21.351,10.675,0.236,55.166
218,0,B,0,A,1,43.075,5.966,0.604,83.754
219,1,A,1,A,1,36.451,20.565,0.352,-1.245
220,1,C,1,A,1,14.678,19.787,0.292,42.761
221,0,A,0,B,0,25.769,6.846,0.345,42.008
222,0,C,1,B,0,30.78,8.116,0.21,20.672
223,1,B,0,A,1,30.779,15.799,0.393,3.947
224,0,C,1,A,0,17.627,4.396,0.392,34.848
225,0,C,1,A,1,40.807,13.774,0.32,-1.39
226,1,B,0,B,0,22.765,7.783,0.479,75.227
227,1,A,1,C,0,32.245,7.959,0.434,57.846
228,1,B,1,A,1,24.379,21.251,0.189,27.424
229,1,C,1,B,1,24.799,22.448,0.616,33.938
230,0,B,1,B,1,24.485,14.741,0.302,133.13
231,0,B,0,A,0,26.996,5.433,0.364,58.734
232,0,A,0,A,0,26.68,8.717,0.399,-5.212
233,0,B,0,A,1,23.294,8.841,0.248,8.316
234,1,A,0,A,0,32.487,3.281,0.358,50.345
235,0,A,0,B,0,30.615,6.858,0.258,52.34
236,0,C,1,A,1,32.675,8.752,0.394,36.214
237,0,B,1,A,1,35.089,11.578,0.292,78.347
238,0,A,1,A,1,33.143,5.23,0.386,98.434
239,0,A,1,A,1,21.287,5.949,0.446,87.632
240,1,B,1,A,1,25.552,7.503,0.48,23.419
241,1,B,1,A,1,19.796,16.062,0.367,-16.483
242,0,A,0,A,0,28.84,4.427,0.305,-11.469
243,1,C,1,A,1,16.53,13.791,0.424,-21.779
244,0,A,1,A,0,34.995,3.836,0.399,-40.13
245,1,A,1,A,1,39.259,18.92,0.501,-0.623
246,1,A,1,A,0,20.278,3.168,0.182,76.272
247,1,B,1,A,1,20.419,16.859,0.457,32.477
248,1,C,1,A,1,31.666,10.34,0.387,14.316
249,1,B,0,A,1,46.598,21.319,0.264,39.107
250,0,A,0,A,0,35.879,6.536,0.307,-33.595
251,1,A,1,A,1,28.089,16.074,0.339,70.234
252,0,A,0,A,1,20.015,11.955,0.106,-5.047
253,0,B,0,A,1,22.204,8.949,0.467,6.119
254,0,B,1,A,0,24.698,11.797,0.42,4.026
255,1,A,0,A,0,23.306,4.603,0.736,23.62
256,1,A,0,A,0,33.075,2.216,0.37,30.329
257,1,A,0,A,1,22.173,16.151,0.414,28.857
258,1,C,1,A,1,16.766,12.094,0.717,-2.259
259,1,C,1,A,1,27.876,15.463,0.464,88.797
260,1,A,0,A,0,33.155,3.468,0.472,-8.632
261,1,A,1,B,0,40.415,9.351,0.546,-10.049
262,0,C,0,A,1,30.888,11.339,0.431,10.966
263,0,C,0,A,1,18.049,13.268,0.318,43.418
264,0,A,1,B,1,34.861,19.23,0.512,50.843
265,0,A,0,A,0,26.664,6.787,0.531,111.364
266,0,B,1,A,1,26.443,6.289,0.623,64.905
267,1,A,1,A,0,26.188,7.404,0.466,23.541
268,1,C,1,A,1,35.784,19.834,0.323,95.636
269,1,B,0,A,0,31.151,5.529,0.695,157.389
270,1,A,0,A,0,18.591,6.413,0.407,41.645
271,1,A,0,A,0,17.658,6.21,0.435,-44.544
272,0,B,1,A,1,28.084,10.121,0.342,79.224
273,0,C,0,A,1,16.983,6.666,0.576,32.777
274,1,A,0,A,0,35.745,5.195,0.604,17.948
275,1,A,1,A,1,29.364,11.689,0.353,-84.059
276,1,C,1,A,1,53.181,21.616,0.244,-7.025
277,0,A,1,A,1,39.239,9.57,0.269,61.825
278,0,B,0,A,1,24.981,13.844,0.239,58.509
279,1,A,1,A,0,34.844,6.654,0.65,72.687
280,1,C,1,C,1,30.711,12.751,0.235,9.685
281,1,B,1,A,0,22.151,6.335,0.352,-2.614
282,0,C,0,B,0,26.476,1.874,0.35,32.818
283,1,B,0,A,1,23.441,15.681,0.185,25.087
284,1,B,1,A,1,31.607,9.44,0.379,0.397
285,1,A,1,A,0,33.049,4.476,0.28,12.824
286,1,A,1,A,1,23.727,5.81,0.474,33.149
287,1,C,1,A,0,17.964,1.62,0.42,104.195
288,0,A,1,A,1,33.54,9.191,0.644,23.327
289,1,C,1,A,1,26.047,14.332,0.724,-13.119
290,1,B,0,A,0,29.875,11.916,0.311,26.72
291,0,B,1,A,0,20.869,6.99,0.474,17.27
292,0,C,0,A,1,25.787,5.719,0.372,48.368
293,1,C,1,A,1,45.819,14.411,0.204,71.271
294,1,B,0,A,0,41.052,6.026,0.399,-42.445
295,1,A,0,A,0,23.651,8.041,0.431,24.948
296,1,B,1,A,0,37.781,5.228,0.318,-218.36
297,0,C,1,A,1,32.715,7.991,0.275,-28.871
298,0,C,0,A,1,36.131,6.182,0.383,36.803
299,1,A,1,A,1,34.869,4.892,0.549,-1.378
300,1,B,1,A,0,26.856,4.878,0.453,56.035
301,1,A,1,B,1,26.519,18.568,0.14,77.838
302,0,C,1,C,1,22.063,11.357,0.602,142.027
303,0,C,0,B,0,22.109,3.459,0.819,43.636
304,1,B,0,B,0,21.234,3.854,0.634,45.257
305,0,C,1,A,0,40.253,8.21,0.367,36.357
306,0,B,1,A,0,17.117,5.466,0.617,55.097
307,0,A,0,C,0,22.635,9.639,0.339,45.919
308,0,B,0,A,0,31.805,3.512,0.219,70.644
309,1,C,1,A,0,26.068,4.02,0.238,-0.107
310,1,C,0,A,0,39.486,10.015,0.36,-26.336
311,0,A,1,A,0,24.32,2.462,0.251,34.311
312,0,B,0,C,0,22.629,7.02,0.277,52.49
313,1,B,1,B,0,32.802,3.977,0.37,91.479
314,1,A,0,A,0,46.077,4.982,0.228,6.528
315,0,A,1,C,0,20.876,4.544,0.382,45.929
316,1,B,1,C,1,36.186,14.128,0.385,43.873
317,1,B,1,A,1,30.248,15.368,0.151,82.199
318,1,B,0,A,0,26.177,2.517,0.448,4.389
319,1,B,0,A,0,40.624,5.297,0.483,-42.604
320,0,C,0,B,1,17.664,11.83,0.318,26.578
321,0,C,0,B,0,19.396,6.31,0.454,23.044
322,0,C,1,C,1,27.046,8.852,0.467,66.923
323,0,A,0,C,0,25.159,7.249,0.412,25.969
324,0,A,0,A,0,36.297,4.137,0.502,74.535
325,1,B,1,B,0,22.212,7.826,0.628,-51.402
326,0,B,0,B,1,18.987,15.694,0.279,0.738
327,0,A,0,C,1,22.465,16.48,0.398,26.737
328,0,A,0,A,0,29.55,3.144,0.327,51.566
329,1,B,0,A,0,32.197,4.814,0.212,-46.266
330,0,A,0,B,1,25.522,9.3,0.371,48.31
331,0,B,1,A,0,30.93,6.746,0.244,-8.998
332,0,B,0,B,0,31.666,4.94,0.21,4.889
333,0,B,1,A,1,20.793,9.951,0.189,57.244
334,0,B,0,A,0,39.639,0,0.547,5.569
335,1,C,0,A,0,33.972,5.48,0.673,98.866
336,1,A,0,A,1,23.659,16.428,0.388,66.057
337,0,A,1,B,0,16.902,7.03,0.419,52.406
338,0,C,1,A,0,26.342,6.069,0.301,-13.585
339,1,B,1,A,1,19.535,20.979,0.3,22.063
340,0,A,0,A,0,21.211,4.1,0.464,29.778
341,0,A,0,A,0,17.367,5.454,0.254,29.718
342,0,A,1,C,0,20.008,9.09,0.624,56.501
343,1,B,0,A,0,23.119,4.211,0.402,33.533
344,0,B,1,A,1,32.034,9.35,0.298,-49.838
345,1,C,1,B,1,38.449,20.223,0.211,81.556
346,1,B,1,A,1,28.015,12.359,0.388,-41.244
347,1,B,1,B,1,24.113,13.089,0.366,67.402
348,0,A,1,A,0,30.765,3.113,0.23,-9.211
349,0,A,0,B,0,29.649,6.324,0.459,-10.723
350,1,A,0,A,0,33.264,6.849,0.496,26.705
351,0,C,0,A,0,33.384,7.045,0.361,-5.365
352,1,A,0,A,1,40.7,26.8,0.21,-45.021
353,1,A,0,A,0,41.931,5.73,0.38,44.291
354,1,B,1,A,0,22.297,4.449,0.49,-8.735
355,0,B,0,A,1,9.878,12.338,0.194,69.266
356,0,C,1,C,1,35.397,14.388,0.539,42.432
357,0,B,1,C,1,27.922,13.327,0.66,24.293
358,0,A,1,A,0,31.911,0.739,0.348,65.123
359,1,C,1,A,0,16.228,5.159,0.252,85.303
360,1,B,1,A,0,25.488,6.566,0.319,-39.626
361,0,A,1,A,0,39.413,5.343,0.534,85.473
362,1,A,1,B,1,22.633,7.961,0.138,-37.601
363,1,A,0,B,0,25.938,9.709,0.185,42.341
364,1,B,1,A,0,32.023,7.859,0.385,-44.181
365,0,A,0,C,0,38.544,2.737,0.351,4.909
366,1,A,0,A,1,34.771,12.705,0.247,1.207
367,1,C,0,A,0,22.471,3.395,0.29,51.204
368,1,A,1,A,0,36.986,0,0.316,33.341
369,0,A,1,A,0,23.975,7.501,0.276,8.454
370,0,A,0,A,1,30.585,7.019,0.382,19.874
371,0,A,0,A,1,21.477,12.195,0.571,43.893
372,0,A,0,A,0,30.644,5.093,0.487,42.958
373,1,A,1,A,1,19.716,6.543,0.565,42.882
374,1,B,1,B,0,15.693,8.12,0.567,70.036
375,1,A,1,A,0,28.597,8.298,0.318,36.659
376,1,C,0,A,1,13.274,10.372,0.442,3.828
377,0,B,0,A,1,28.747,8.451,0.348,-24.135
378,0,C,1,A,1,33.713,11.204,0.4,36.8
379,0,B,0,A,0,18.081,5.671,0.574,-27.033
380,0,C,1,B,1,30.877,7.867,0.632,31.418
381,0,B,1,C,1,45.362,11.944,0.529,-2.922
382,1,A,0,A,0,36.486,5.605,0.238,57.631
383,0,A,1,B,0,37.684,3.815,0.479,1.01
384,0,A,1,C,1,17.505,9.911,0.334,4.615
385,0,B,1,C,1,29.212,6.912,0.478,76.215
386,1,B,0,A,1,32.329,9.088,0.278,-46.03
387,0,A,1,B,1,20.982,12.051,0.271,77.671
388,1,B,1,C,1,25.032,6.449,0.58,-49.456
389,0,B,0,A,0,37.012,4.419,0.561,5.036
390,1,C,1,B,1,32.115,19.147,0.384,20.417
391,0,A,0,C,1,22.867,12.34,0.492,24.757
392,1,C,1,A,1,20.99,13.245,0.483,-9.616
393,0,A,0,A,0,42.79,6.635,0.148,6.16
394,1,A,0,A,1,34.939,8.833,0.491,-36.767
395,1,B,1,A,1,18.607,18.944,0.599,6.784
396,1,A,1,A,0,38.018,4.429,0.4,38.244
397,0,A,1,A,1,24.625,6.213,0.655,21.519
398,1,C,0,A,1,28.47,8.693,0.298,48.106
399,1,A,0,A,0,42.331,5.569,0.262,18.314
400,0,B,0,A,0,21.979,1.811,0.466,35.915
401,1,B,1,A,1,20.731,18.337,0.24,48.301
402,0,B,1,A,0,29.266,3.705,0.63,12.22
403,1,A,1,A,0,30.017,0.094,0.423,-62.354
404,0,A,0,A,0,16.829,11.708,0.46,48.519
405,0,B,1,A,0,27.587,0.992,0.215,15.387
406,0,A,0,A,0,36.636,9.296,0.268,-32.994
407,0,A,0,A,1,32.495,11.63,0.421,2.506
408,1,B,1,A,0,22.93,10.427,0.552,1.127
409,1,B,1,A,0,23.529,6.9,0.291,53.761
410,1,A,1,C,1,30.951,21.44,0.467,0.301
411,0,B,0,A,1,25.191,7.904,0.473,-25.648
412,0,A,1,B,1,21.171,9.402,0.239,-30.244
413,1,A,0,A,1,30.182,12.797,0.349,3.539
414,0,B,1,B,0,20.948,4.362,0.429,-52.186
415,1,B,1,A,1,33.938,11.426,0.372,67.416
416,1,A,1,B,0,16.624,2.533,0.383,-9.809
417,1,A,1,B,0,28.429,10.355,0.493,43.223
418,0,C,1,A,1,26.785,4.95,0.479,48.926
419,0,A,1,C,1,20.651,7.045,0.425,58.887
420,0,B,0,C,0,32.579,8.506,0.287,-16.094
421,0,B,0,A,0,17.02,0,0.344,32.221
422,0,B,1,B,1,20.541,7.343,0.533,20.934
423,1,B,0,A,0,42.879,2.922,0.298,52.757
424,1,B,1,A,1,27.381,23.008,0.125,12.744
425,1,C,0,A,1,29.979,18.676,0.617,29.644
426,1,C,1,A,0,33.85,7.81,0.433,-58.225
427,1,C,1,C,1,23.598,19.407,0.308,28.265
428,0,C,1,A,0,23.531,1.528,0.555,75.401
429,1,A,1,A,1,35.815,22.058,0.544,-0.935
430,0,B,0,A,1,28.074,16.223,0.538,21.595
431,0,B,1,A,1,28.417,16.003,0.42,-34.812
432,1,B,1,B,1,35.482,4.321,0.478,85.845
433,0,B,0,A,0,34.365,7.359,0.264,12.844
434,1,B,0,A,1,41.488,8.515,0.444,-1.094
435,1,B,1,A,0,24.167,4.523,0.592,42.39
436,1,B,0,A,0,38.754,0.492,0.419,111.458
437,1,C,1,A,1,26.387,10.869,0.51,-36.425
438,0,C,0,A,1,22.979,6.754,0.191,-33.11
439,1,A,1,A,0,21.23,5.498,0.429,38.284
440,1,B,0,A,1,27.578,14.163,0.454,36.74
441,0,B,0,A,1,31.108,5.684,0.323,22.06
442,1,B,1,A,1,34.463,12.437,0.223,13.841
443,0,C,1,A,1,54.351,3.196,0.33,83.22
444,1,B,0,A,0,38.254,1.833,0.236,-8.085
445,0,B,1,B,0,26.178,0,0.429,-5.098
446,0,A,0,C,0,32.469,4.823,0.442,-2.85
447,0,A,0,B,0,30.969,5.46,0.293,-43.701
448,1,C,1,A,0,23.695,4.808,0.268,-13.147
449,0,A,0,A,0,34.413,5.694,0.533,-0.1
450,0,A,0,A,0,42.542,3.497,0.271,42.334
451,1,A,0,A,0,40.149,0.17,0.507,86.955
452,1,A,1,A,0,37.734,6.157,0.575,15.153
453,0,C,1,A,1,30.928,7.041,0.384,-54.233
454,1,B,0,A,1,48.076,10.75,0.452,43.886
455,0,B,1,B,0,23.753,5.492,0.642,1.286
456,1,C,0,A,1,25.037,7.217,0.611,-10.992
457,0,B,1,A,1,49.981,11.157,0.245,48.638
458,0,A,1,A,0,29.948,8.359,0.258,30.304
459,0,A,1,A,1,16.96,11.039,0.481,-24.439
460,1,C,1,A,0,43.622,2.452,0.464,63.83
461,1,A,1,A,1,38.554,11.512,0.349,-27.308
462,1,C,1,A,1,47.98,12.938,0.278,36.603
463,0,C,1,A,0,33.17,2.105,0.193,20.258
464,0,C,0,B,1,23.33,7.59,0.219,16.111
465,0,B,0,A,1,22.093,10.64,0.216,51.157
466,1,A,1,B,0,22.961,0.743,0.447,44.934
467,0,B,1,A,0,23.377,6.784,0.417,70.64
468,0,B,0,B,0,32.891,3.657,0.6,-60.897
469,1,B,1,A,0,34.601,4.819,0.398,-7.242
470,0,C,0,A,1,23.085,12.62,0.246,-11.778
471,1,A,1,A,0,39.744,5.443,0.361,-36.895
472,0,A,0,A,1,29.957,11.085,0.367,7.126
473,0,A,1,A,0,24.652,6.017,0.251,-18.878
474,0,C,0,A,0,34.561,7.925,0.483,3.993
475,0,C,1,A,0,26.793,5.444,0.383,56.985
476,0,B,1,A,1,29.314,15.394,0.371,-11.172
477,1,A,1,A,0,19.264,0.674,0.368,20.763
478,0,B,1,A,0,22.836,6.233,0.214,51.266
479,1,B,0,A,0,26.002,5.671,0.739,16.504
480,1,B,0,B,0,36.743,9.651,0.609,67.325
481,0,C,0,A,0,37.382,7.045,0.438,45.024
482,0,A,0,A,0,18.367,6.672,0.277,34.406
483,1,A,1,A,1,21.14,16.127,0.761,11.941
484,1,A,1,A,1,20.465,13.652,0.124,-47.976
485,0,B,1,A,1,19.715,9.886,0.188,24.049
486,1,A,0,B,0,27.495,9.964,0.254,-21.073
487,1,C,1,A,1,61.412,16.5,0.61,6.459
488,0,C,0,A,1,27.327,12.076,0.304,45.014
489,1,C,0,A,1,26.666,8.889,0.329,61.247
490,1,C,0,A,1,23.687,14.545,0.547,59.211
491,0,B,0,A,0,25.079,10.613,0.806,46.892
492,1,B,0,A,1,17.271,13.162,0.447,25.43
493,0,B,0,C,1,34.608,11.293,0.511,103.945
494,1,B,1,A,0,38.826,1.414,0.239,-18.548
495,0,B,1,A,0,22.911,6.019,0.454,35.974
496,0,C,1,A,1,29.899,17.945,0.382,40.225
497,1,C,0,A,1,20.378,20.771,0.422,62.857
498,0,A,0,A,0,30.163,9.174,0.205,-4.931
499,1,C,0,A,1,32.795,19.769,0.296,84.229
500,1,C,1,B,1,27.249,12.604,0.308,11.998
